Feature,Coefficient,Odds ratio
numeric__age,1.0721194122838356,2.9215649435384523
numeric__encounter_count,0.7586033590125426,2.135291900781487
binary__hypertension,0.6189751640010539,1.8570239213418835
categorical__gender_M,0.1283924359556779,1.136999114490281
numeric__bmi,-0.7676787378023335,0.4640890914264576
