Feature,Mean importance,Standard deviation
age,0.21459620059791717,0.009130656769264788
encounter_count,0.03122666097221765,0.006916211606172762
hypertension,0.01934049109147255,0.003632961196459876
bmi,0.004557338721158144,0.0067044135266040835
gender,-0.0035838411796270233,0.0036013455452148764
